Username,Password
YvonneDu,fa46091a7ca0d479d99173faa6609610a0ad0b76d388fb0f1b114a2f5310b5e4
Miles,7c2e005ad777b3e93f79cfa64cee1079e250d974bc9addb415b05080e33400ef
Miles,7c2e005ad777b3e93f79cfa64cee1079e250d974bc9addb415b05080e33400ef
Miles,7c2e005ad777b3e93f79cfa64cee1079e250d974bc9addb415b05080e33400ef
Miles,7c2e005ad777b3e93f79cfa64cee1079e250d974bc9addb415b05080e33400ef
Bob,81b637d8fcd2c6da6359e6963113a1170de795e4b725b84d1e0b4cfd9ec58ce9
Bob,81b637d8fcd2c6da6359e6963113a1170de795e4b725b84d1e0b4cfd9ec58ce9
bob,81b637d8fcd2c6da6359e6963113a1170de795e4b725b84d1e0b4cfd9ec58ce9
bob,81b637d8fcd2c6da6359e6963113a1170de795e4b725b84d1e0b4cfd9ec58ce9
bob,81b637d8fcd2c6da6359e6963113a1170de795e4b725b84d1e0b4cfd9ec58ce9
bob,81b637d8fcd2c6da6359e6963113a1170de795e4b725b84d1e0b4cfd9ec58ce9
bob,81b637d8fcd2c6da6359e6963113a1170de795e4b725b84d1e0b4cfd9ec58ce9
bob,81b637d8fcd2c6da6359e6963113a1170de795e4b725b84d1e0b4cfd9ec58ce9
bob,81b637d8fcd2c6da6359e6963113a1170de795e4b725b84d1e0b4cfd9ec58ce9
bob,81b637d8fcd2c6da6359e6963113a1170de795e4b725b84d1e0b4cfd9ec58ce9
bob,81b637d8fcd2c6da6359e6963113a1170de795e4b725b84d1e0b4cfd9ec58ce9
bob,81b637d8fcd2c6da6359e6963113a1170de795e4b725b84d1e0b4cfd9ec58ce9
bob,81b637d8fcd2c6da6359e6963113a1170de795e4b725b84d1e0b4cfd9ec58ce9
bob,81b637d8fcd2c6da6359e6963113a1170de795e4b725b84d1e0b4cfd9ec58ce9
bob,81b637d8fcd2c6da6359e6963113a1170de795e4b725b84d1e0b4cfd9ec58ce9
bob,81b637d8fcd2c6da6359e6963113a1170de795e4b725b84d1e0b4cfd9ec58ce9
bob,81b637d8fcd2c6da6359e6963113a1170de795e4b725b84d1e0b4cfd9ec58ce9
bob,81b637d8fcd2c6da6359e6963113a1170de795e4b725b84d1e0b4cfd9ec58ce9
bob,81b637d8fcd2c6da6359e6963113a1170de795e4b725b84d1e0b4cfd9ec58ce9
bob,81b637d8fcd2c6da6359e6963113a1170de795e4b725b84d1e0b4cfd9ec58ce9
Miles,7c2e005ad777b3e93f79cfa64cee1079e250d974bc9addb415b05080e33400ef
Miles,7c2e005ad777b3e93f79cfa64cee1079e250d974bc9addb415b05080e33400ef
Miles,7c2e005ad777b3e93f79cfa64cee1079e250d974bc9addb415b05080e33400ef
Miles,7c2e005ad777b3e93f79cfa64cee1079e250d974bc9addb415b05080e33400ef
Miles,7c2e005ad777b3e93f79cfa64cee1079e250d974bc9addb415b05080e33400ef
bob,81b637d8fcd2c6da6359e6963113a1170de795e4b725b84d1e0b4cfd9ec58ce9
bob,81b637d8fcd2c6da6359e6963113a1170de795e4b725b84d1e0b4cfd9ec58ce9
bob,81b637d8fcd2c6da6359e6963113a1170de795e4b725b84d1e0b4cfd9ec58ce9
bob,81b637d8fcd2c6da6359e6963113a1170de795e4b725b84d1e0b4cfd9ec58ce9
bob,52579f5dd420f7ab7590d737a27881b48f7853f8444dd3f5a5af9825b0ce7fc3
